{
    "particles": {
      "number": {
        "value": 80,
        "density": {
          "enable": true,
          "value_area": 800
        }
      },
      "color": {
        "value": "#1ABC9C"
      },
      "shape": {
        "type": "circle",
        "stroke": {
          "width": 0,
          "color": "#000000"
        }
      },
      "opacity": {
        "value": 0.5,
        "random": true
      },
      "size": {
        "value": 3,
        "random": true
      },
      "line_linked": {
        "enable": true,
        "distance": 150,
        "color": "#1ABC9C",
        "opacity": 0.4,
        "width": 1
      },
      "move": {
        "enable": true,
        "speed": 6,
        "direction": "none",
        "random": false,
        "straight": false,
        "out_mode": "out",
        "bounce": false
      }
    },
    "interactivity": {
      "detect_on": "canvas",
      "events": {
        "onhover": {
          "enable": true,
          "mode": "repulse"
        },
        "onclick": {
          "enable": true,
          "mode": "push"
        },
        "resize": true
      },
      "modes": {
        "repulse": {
          "distance": 100,
          "duration": 0.4
        },
        "push": {
          "particles_nb": 4
        }
      }
    },
    "retina_detect": true
  }
  